<?xml version="1.0" encoding="UTF-8"?>
<project-private xmlns="http://www.netbeans.org/ns/project-private/1">
    <editor-bookmarks xmlns="http://www.netbeans.org/ns/editor-bookmarks/2" lastBookmarkId="0"/>
    <open-files xmlns="http://www.netbeans.org/ns/projectui-open-files/2">
        <group>
            <file>file:/D:/Projects/JavaWeb/Lab02/web/index.html</file>
            <file>file:/D:/Projects/JavaWeb/Lab02/src/java/sample/product/Product.java</file>
            <file>file:/D:/Projects/JavaWeb/Lab02/web/addProducts.html</file>
            <file>file:/D:/Projects/JavaWeb/Lab02/src/java/sample/utils/DBUtils.java</file>
            <file>file:/D:/Projects/JavaWeb/Lab02/src/java/sample/servlet/ProcessServlet.java</file>
            <file>file:/D:/Projects/JavaWeb/Lab02/src/java/sample/servlet/DisplayServlet.java</file>
        </group>
    </open-files>
</project-private>
