<?xml version="1.0" encoding="UTF-8"?>
<project-private xmlns="http://www.netbeans.org/ns/project-private/1">
    <editor-bookmarks xmlns="http://www.netbeans.org/ns/editor-bookmarks/2" lastBookmarkId="0"/>
    <open-files xmlns="http://www.netbeans.org/ns/projectui-open-files/2">
        <group>
            <file>file:/D:/Projects/JavaWeb/Lab03/src/java/sample/utils/Global.java</file>
            <file>file:/D:/Projects/JavaWeb/Lab03/src/java/sample/product/ProductDAO.java</file>
            <file>file:/D:/Projects/JavaWeb/Lab03/web/WEB-INF/web.xml</file>
            <file>file:/D:/Projects/JavaWeb/Lab03/src/java/sample/servlet/ShopServlet.java</file>
            <file>file:/D:/Projects/JavaWeb/Lab03/src/java/sample/servlet/ProcessServlet.java</file>
        </group>
    </open-files>
</project-private>
